Designator	Val	Package	Mid X	Mid Y	Rotation	Layer
C1	10u	C_0805_2012Metric	100.4	-123.225	-90	top
C10	1n	C_0603_1608Metric	237.950001	-137.3825	90	top
C11	1n	C_0603_1608Metric	120.887501	-137.3575	90	top
C12	1n	C_0603_1608Metric	340.887501	-137.3575	90	top
C13	10u	C_0805_2012Metric	267.98125	-134.91875	180	top
C14	1n	C_0603_1608Metric	127.950001	-137.3825	90	top
C15	10u	C_0805_2012Metric	269.9	-119.9	180	top
C16	1n	C_0603_1608Metric	112.587501	-133.8175	-90	top
C17	10u	C_0805_2012Metric	176.231249	-138.69375	90	top
C18	1n	C_0603_1608Metric	113.862501	-137.3275	90	top
C19	10u	C_0805_2012Metric	267.98125	-137.11875	180	top
C2	10u	C_0805_2012Metric	370.962501	-128.0625	0	top
C20	100n	C_0603_1608Metric	268.237501	-133.1	0	top
C21	100n	C_0603_1608Metric	265.78125	-132.36875	90	top
C22	10u	C_0805_2012Metric	277.662501	-124.25	180	top
C23	1n	C_0603_1608Metric	333.862501	-137.3275	90	top
C24	1n	C_0603_1608Metric	223.862501	-137.3275	90	top
C25	1n	C_0603_1608Metric	230.887501	-137.3575	90	top
C26	1n	C_0603_1608Metric	106.825001	-137.3075	90	top
C27	10u	C_0805_2012Metric	148.2	-123	0	top
C28	10u	C_0805_2012Metric	174.031249	-138.69375	90	top
C29	100n	C_0603_1608Metric	177.999999	-138.5	-90	top
C3	1n	C_0603_1608Metric	134.962501	-137.4075	90	top
C30	100n	C_0603_1608Metric	183.031249	-143.69375	90	top
C31	10u	C_0805_2012Metric	167.662501	-124.25	180	top
C32	1n	C_0603_1608Metric	326.825001	-137.3075	90	top
C33	1n	C_0603_1608Metric	332.587501	-133.8175	-90	top
C34	1n	C_0603_1608Metric	222.587501	-133.8175	-90	top
C35	1n	C_0603_1608Metric	216.825001	-137.3075	90	top
C36	10u	C_0805_2012Metric	269.9	-121.900001	180	top
C37	100n	C_0603_1608Metric	256.95	-126.6325	-90	top
C38	100n	C_0603_1608Metric	264.525	-124.25	180	top
C39	10u	C_0805_2012Metric	217.662501	-124.25	180	top
C4	10u	C_0805_2012Metric	370.962501	-126.062499	0	top
C40	1n	C_0603_1608Metric	244.962501	-137.4075	90	top
C41	100n	C_0603_1608Metric	155.95	-125.75	180	top
C42	100n	C_0603_1608Metric	148.5	-125.8	-90	top
C43	10u	C_0805_2012Metric	107.662501	-124.25	180	top
C44	1n	C_0603_1608Metric	119.625001	-133.8175	-90	top
C45	1n	C_0603_1608Metric	140.750001	-133.9175	-90	top
C46	1n	C_0603_1608Metric	126.675001	-133.8425	-90	top
C47	1n	C_0603_1608Metric	339.625001	-133.8175	-90	top
C48	1n	C_0603_1608Metric	346.675001	-133.8425	-90	top
C49	1n	C_0603_1608Metric	236.675001	-133.8425	-90	top
C5	100n	C_0603_1608Metric	371.150001	-129.799999	180	top
C50	1n	C_0603_1608Metric	229.625001	-133.8175	-90	top
C51	1n	C_0603_1608Metric	133.700001	-133.8925	-90	top
C52	1n	C_0603_1608Metric	61.275001	-157.449999	-90	top
C53	1n	C_0603_1608Metric	353.700001	-133.8925	-90	top
C54	1n	C_0603_1608Metric	75.275001	-157.449999	-90	top
C55	1n	C_0603_1608Metric	68.275001	-157.449999	-90	top
C56	100n	C_0603_1608Metric	84.462501	-149.7	-90	top
C57	10u	C_0805_2012Metric	54.025002	-153.937499	-90	top
C58	10u	C_0805_2012Metric	79.4825	-153.5325	0	top
C59	100n	C_0603_1608Metric	79.4825	-155.2825	180	top
C6	100n	C_0603_1608Metric	367.662501	-136.3	180	top
C60	10u	C_0805_2012Metric	68.5	-112.625	0	top
C61	10u	C_0805_2012Metric	70.55	-110.625	0	top
C62	1n	C_0603_1608Metric	360.750001	-133.9175	-90	top
C63	1n	C_0603_1608Metric	250.750001	-133.9175	-90	top
C64	1n	C_0603_1608Metric	243.700001	-133.8925	-90	top
C67	10u	C_0805_2012Metric	164.8	-152.4	-90	top
C68	100n	C_0603_1608Metric	140.3	-160.2	0	top
C69	100n	C_0603_1608Metric	143.1	-154.5	-90	top
C7	10u	C_0805_2012Metric	327.75	-124.25	180	top
C72	10u	C_0805_2012Metric	280.4	-153.35	-90	top
C73	100n	C_0603_1608Metric	282.2	-154.7	90	top
C76	10u	C_0805_2012Metric	70.56	-108.47	0	top
C77	10n	C_0805_2012Metric	110.125	-153.6	180	top
C79	10u	C_0805_2012Metric	125.6	-158.7	0	top
C8	1n	C_0603_1608Metric	354.962501	-137.4075	90	top
C80	100n	C_0603_1608Metric	125.8	-156.8	180	top
C85	1n	C_0603_1608Metric	276.825001	-137.3075	90	top
C86	1n	C_0603_1608Metric	282.587501	-133.8175	-90	top
C87	1n	C_0603_1608Metric	289.650001	-133.8425	-90	top
C88	1n	C_0603_1608Metric	296.675001	-133.8725	-90	top
C89	1n	C_0603_1608Metric	303.687501	-133.8875	-90	top
C9	1n	C_0603_1608Metric	347.950001	-137.3825	90	top
C90	1n	C_0603_1608Metric	310.750001	-133.9175	-90	top
C91	1n	C_0603_1608Metric	166.825001	-137.3075	90	top
C92	1n	C_0603_1608Metric	172.587501	-133.8175	-90	top
C93	1n	C_0603_1608Metric	179.650001	-133.8425	-90	top
C94	1n	C_0603_1608Metric	186.675001	-133.8725	-90	top
C95	1n	C_0603_1608Metric	193.687501	-133.8875	-90	top
C96	1n	C_0603_1608Metric	200.750001	-133.9175	-90	top
D10	1N4148W	D_SOD-123	350.829227	-69.8	-45	top
D100	1N4148W	D_SOD-123	310.829227	-79.3	-45	top
D101	1N4148W	D_SOD-123	305.829227	-79.3	-45	top
D102	1N4148W	D_SOD-123	295.779331	-79.3	-45	top
D103	1N4148W	D_SOD-123	290.779331	-79.3	-45	top
D104	1N4148W	D_SOD-123	280.779331	-79.3	-45	top
D105	1N4148W	D_SOD-123	310.829227	-84.05	-45	top
D106	1N4148W	D_SOD-123	305.829227	-84.05	-45	top
D107	1N4148W	D_SOD-123	300.829227	-84.05	-45	top
D108	1N4148W	D_SOD-123	295.779331	-84.05	-45	top
D109	1N4148W	D_SOD-123	280.779331	-84.05	-45	top
D11	1N4148W	D_SOD-123	345.779331	-69.8	-45	top
D110	1N4148W	D_SOD-123	305.829227	-88.8	-45	top
D111	1N4148W	D_SOD-123	300.829227	-88.8	-45	top
D112	1N4148W	D_SOD-123	285.779331	-88.8	-45	top
D113	1N4148W	D_SOD-123	280.779331	-88.8	-45	top
D114	1N4148W	D_SOD-123	310.829227	-93.55	-45	top
D115	1N4148W	D_SOD-123	300.829227	-93.55	-45	top
D116	1N4148W	D_SOD-123	295.779331	-93.55	-45	top
D117	1N4148W	D_SOD-123	285.779331	-93.55	-45	top
D118	1N4148W	D_SOD-123	280.779331	-93.55	-45	top
D12	1N4148W	D_SOD-123	340.779331	-69.8	-45	top
D123	1N4148W	D_SOD-123	267.75	-130	-90	top
D127	1N4148W	D_SOD-123	337.062501	-136.8275	180	top
D13	1N4148W	D_SOD-123	335.779331	-69.8	-45	top
D130	1N4148W	D_SOD-123	227.062501	-136.8275	180	top
D132	1N4148W	D_SOD-123	234.087501	-136.8575	180	top
D134	1N4148W	D_SOD-123	135.829227	-69.8	-45	top
D136	1N4148W	D_SOD-123	130.829227	-69.8	-45	top
D137	1N4148W	D_SOD-123	181.099999	-138.0125	180	top
D139	1N4148W	D_SOD-123	330.025001	-136.8075	180	top
D14	1N4148W	D_SOD-123	355.829227	-74.55	-45	top
D141	1N4148W	D_SOD-123	329.387501	-134.3175	0	top
D142	1N4148W	D_SOD-123	219.387501	-134.3175	0	top
D144	1N4148W	D_SOD-123	220.025001	-136.8075	180	top
D147	1N4148W	D_SOD-123	260.05	-126.145	180	top
D148	1N4148W	D_SOD-123	248.162501	-136.9075	180	top
D15	1N4148W	D_SOD-123	350.829227	-74.55	-45	top
D150	1N4148W	D_SOD-123	250.829227	-69.8	-45	top
D151	1N4148W	D_SOD-123	245.829227	-69.8	-45	top
D152	1N4148W	D_SOD-123	240.829227	-69.8	-45	top
D153	1N4148W	D_SOD-123	235.779331	-69.8	-45	top
D154	1N4148W	D_SOD-123	230.779331	-69.8	-45	top
D155	1N4148W	D_SOD-123	225.779331	-69.8	-45	top
D156	1N4148W	D_SOD-123	245.829227	-74.55	-45	top
D157	1N4148W	D_SOD-123	240.829227	-74.55	-45	top
D158	1N4148W	D_SOD-123	250.829227	-79.3	-45	top
D159	1N4148W	D_SOD-123	245.829227	-79.3	-45	top
D16	1N4148W	D_SOD-123	360.829227	-79.3	-45	top
D160	1N4148W	D_SOD-123	235.779331	-79.3	-45	top
D161	1N4148W	D_SOD-123	230.779331	-79.3	-45	top
D162	1N4148W	D_SOD-123	220.779331	-79.3	-45	top
D163	1N4148W	D_SOD-123	250.829227	-84.05	-45	top
D164	1N4148W	D_SOD-123	245.829227	-84.05	-45	top
D165	1N4148W	D_SOD-123	240.829227	-84.05	-45	top
D166	1N4148W	D_SOD-123	235.779331	-84.05	-45	top
D167	1N4148W	D_SOD-123	220.779331	-84.05	-45	top
D168	1N4148W	D_SOD-123	245.829227	-88.8	-45	top
D169	1N4148W	D_SOD-123	240.829227	-88.8	-45	top
D17	1N4148W	D_SOD-123	355.829227	-79.3	-45	top
D170	1N4148W	D_SOD-123	225.779331	-88.8	-45	top
D171	1N4148W	D_SOD-123	220.779331	-88.8	-45	top
D172	1N4148W	D_SOD-123	250.829227	-93.55	-45	top
D173	1N4148W	D_SOD-123	240.829227	-93.55	-45	top
D174	1N4148W	D_SOD-123	235.779331	-93.55	-45	top
D175	1N4148W	D_SOD-123	225.779331	-93.55	-45	top
D176	1N4148W	D_SOD-123	220.779331	-93.55	-45	top
D177	1N4148W	D_SOD-123	250.829227	-98.3	-45	top
D178	1N4148W	D_SOD-123	240.829227	-98.3	-45	top
D179	1N4148W	D_SOD-123	235.779331	-98.3	-45	top
D18	1N4148W	D_SOD-123	345.779331	-79.3	-45	top
D180	1N4148W	D_SOD-123	230.779331	-98.3	-45	top
D181	1N4148W	D_SOD-123	225.779331	-98.3	-45	top
D182	1N4148W	D_SOD-123	220.779331	-98.3	-45	top
D183	1N4148W	D_SOD-123	250.829227	-103.05	-45	top
D184	1N4148W	D_SOD-123	245.829227	-103.05	-45	top
D185	1N4148W	D_SOD-123	240.829227	-103.05	-45	top
D186	1N4148W	D_SOD-123	250.829227	-107.8	-45	top
D187	1N4148W	D_SOD-123	245.7	-107.7	-45	top
D188	1N4148W	D_SOD-123	240.829227	-107.8	-45	top
D189	1N4148W	D_SOD-123	235.779331	-107.8	-45	top
D19	1N4148W	D_SOD-123	340.779331	-79.3	-45	top
D190	1N4148W	D_SOD-123	230.779331	-107.8	-45	top
D191	1N4148W	D_SOD-123	225.779331	-107.8	-45	top
D192	1N4148W	D_SOD-123	220.779331	-107.8	-45	top
D193	1N4148W	D_SOD-123	249.1	-111.1	-45	top
D194	1N4148W	D_SOD-123	245.879123	-112.55	-45	top
D195	1N4148W	D_SOD-123	240.879123	-112.55	-45	top
D196	1N4148W	D_SOD-123	235.829227	-112.55	-45	top
D197	1N4148W	D_SOD-123	225.829227	-112.55	-45	top
D198	1N4148W	D_SOD-123	220.829227	-112.55	-45	top
D20	1N4148W	D_SOD-123	330.779331	-79.3	-45	top
D200	1N4148W	D_SOD-123	125.779331	-69.8	-45	top
D202	1N4148W	D_SOD-123	120.779331	-69.8	-45	top
D203	1N4148W	D_SOD-123	115.779331	-69.8	-45	top
D204	1N4148W	D_SOD-123	135.829227	-74.55	-45	top
D205	1N4148W	D_SOD-123	130.829227	-74.55	-45	top
D206	1N4148W	D_SOD-123	140.829227	-79.3	-45	top
D207	1N4148W	D_SOD-123	135.829227	-79.3	-45	top
D208	1N4148W	D_SOD-123	125.779331	-79.3	-45	top
D209	1N4148W	D_SOD-123	120.779331	-79.3	-45	top
D21	1N4148W	D_SOD-123	360.829227	-84.05	-45	top
D210	1N4148W	D_SOD-123	110.779331	-79.3	-45	top
D211	1N4148W	D_SOD-123	140.829227	-84.05	-45	top
D212	1N4148W	D_SOD-123	135.829227	-84.05	-45	top
D213	1N4148W	D_SOD-123	130.829227	-84.05	-45	top
D214	1N4148W	D_SOD-123	125.779331	-84.05	-45	top
D215	1N4148W	D_SOD-123	110.779331	-84.05	-45	top
D216	1N4148W	D_SOD-123	135.829227	-88.8	-45	top
D217	1N4148W	D_SOD-123	130.829227	-88.8	-45	top
D218	1N4148W	D_SOD-123	115.779331	-88.8	-45	top
D219	1N4148W	D_SOD-123	110.779331	-88.8	-45	top
D22	1N4148W	D_SOD-123	355.829227	-84.05	-45	top
D220	1N4148W	D_SOD-123	140.829227	-93.55	-45	top
D221	1N4148W	D_SOD-123	130.829227	-93.55	-45	top
D222	1N4148W	D_SOD-123	125.779331	-93.55	-45	top
D223	1N4148W	D_SOD-123	115.779331	-93.55	-45	top
D224	1N4148W	D_SOD-123	110.779331	-93.55	-45	top
D225	1N4148W	D_SOD-123	140.829227	-98.3	-45	top
D226	1N4148W	D_SOD-123	130.829227	-98.3	-45	top
D227	1N4148W	D_SOD-123	125.779331	-98.3	-45	top
D228	1N4148W	D_SOD-123	120.779331	-98.3	-45	top
D229	1N4148W	D_SOD-123	115.779331	-98.3	-45	top
D23	1N4148W	D_SOD-123	350.829227	-84.05	-45	top
D230	1N4148W	D_SOD-123	110.779331	-98.3	-45	top
D231	1N4148W	D_SOD-123	140.829227	-103.05	-45	top
D232	1N4148W	D_SOD-123	135.829227	-103.05	-45	top
D233	1N4148W	D_SOD-123	130.829227	-103.05	-45	top
D234	1N4148W	D_SOD-123	140.829227	-107.8	-45	top
D235	1N4148W	D_SOD-123	135.6	-107.6	-45	top
D236	1N4148W	D_SOD-123	130.829227	-107.8	-45	top
D237	1N4148W	D_SOD-123	125.779331	-107.8	-45	top
D238	1N4148W	D_SOD-123	120.779331	-107.8	-45	top
D239	1N4148W	D_SOD-123	115.779331	-107.8	-45	top
D24	1N4148W	D_SOD-123	345.779331	-84.05	-45	top
D240	1N4148W	D_SOD-123	110.779331	-107.8	-45	top
D241	1N4148W	D_SOD-123	138.9	-111.1	-45	top
D242	1N4148W	D_SOD-123	135.879123	-112.55	-45	top
D243	1N4148W	D_SOD-123	130.879123	-112.55	-45	top
D244	1N4148W	D_SOD-123	125.829227	-112.55	-45	top
D245	1N4148W	D_SOD-123	115.829227	-112.55	-45	top
D246	1N4148W	D_SOD-123	110.829227	-112.55	-45	top
D247	1N4148W	D_SOD-123	138.162501	-136.9075	180	top
D248	1N4148W	D_SOD-123	124.087501	-136.8575	180	top
D249	1N4148W	D_SOD-123	131.150001	-136.8825	180	top
D25	1N4148W	D_SOD-123	330.779331	-84.05	-45	top
D250	1N4148W	D_SOD-123	109.387501	-134.3175	0	top
D252	1N4148W	D_SOD-123	117.062501	-136.8275	180	top
D253	1N4148W	D_SOD-123	110.025001	-136.8075	180	top
D255	1N4148W	D_SOD-123	336.425001	-134.3175	0	top
D256	1N4148W	D_SOD-123	343.475001	-134.3425	0	top
D258	1N4148W	D_SOD-123	233.475001	-134.3425	0	top
D26	1N4148W	D_SOD-123	355.829227	-88.8	-45	top
D261	1N4148W	D_SOD-123	226.425001	-134.3175	0	top
D262	1N4148W	D_SOD-123	151.6	-125.3125	180	top
D264	1N4148W	D_SOD-123	116.425001	-134.3175	0	top
D265	1N4148W	D_SOD-123	350.500001	-134.3925	0	top
D266	1N4148W	D_SOD-123	137.550001	-134.4175	0	top
D267	1N4148W	D_SOD-123	123.475001	-134.3425	0	top
D269	1N4148W	D_SOD-123	130.500001	-134.3925	0	top
D27	1N4148W	D_SOD-123	350.829227	-88.8	-45	top
D270	1N4148W	D_SOD-123	58.025001	-157.699999	0	top
D271	1N4148W	D_SOD-123	89.162501	-145.3	0	top
D272	1N4148W	D_SOD-123	89.162501	-142.8	0	top
D273	1N4148W	D_SOD-123	89.162501	-140.3	0	top
D274	1N4148W	D_SOD-123	89.162501	-137.8	0	top
D275	1N4148W	D_SOD-123	89.162501	-135.3	0	top
D276	1N4148W	D_SOD-123	89.162501	-132.8	0	top
D277	1N4148W	D_SOD-123	89.162501	-130.3	0	top
D278	1N4148W	D_SOD-123	89.162501	-127.8	0	top
D28	1N4148W	D_SOD-123	335.779331	-88.8	-45	top
D281	1N4148W	D_SOD-123	357.550001	-134.4175	0	top
D285	1N4148W	D_SOD-123	247.550001	-134.4175	0	top
D286	1N4148W	D_SOD-123	240.500001	-134.3925	0	top
D287	1N4148W	D_SOD-123	89.162501	-125.3	0	top
D288	1N4148W	D_SOD-123	72.025001	-157.699999	0	top
D289	1N4148W	D_SOD-123	143	-158.4	-90	top
D29	1N4148W	D_SOD-123	330.779331	-88.8	-45	top
D290	1N4148W	D_SOD-123	152.2	-149.4	-90	top
D291	1N4148W	D_SOD-123	65.025001	-157.699998	0	top
D292	1N4148W	D_SOD-123	80.9825	-150.0325	-90	top
D293	1N4148W	D_SOD-123	266.8	-157.7	90	top
D294	1N4148W	D_SOD-123	92.462501	-104.1	180	top
D295	1N4148W	D_SOD-123	87.465144	-117.035291	180	top
D296	1N4148W	D_SOD-123	57.85	-86.45	180	top
D298	1N4148W	D_SOD-123	62.85	-86.45	180	top
D299	1N4148W	D_SOD-123	109.675	-151.3	180	top
D30	1N4148W	D_SOD-123	360.829227	-93.55	-45	top
D300	1N4148W	D_SOD-123	115.275	-157	0	top
D301	1N4148W	D_SOD-123	259.5	-133.75	-90	top
D302	1N4148W	D_SOD-123	271.162501	-124.25	0	top
D303	1N4148W	D_SOD-123	159.962501	-127	0	top
D304	1N4148W	D_SOD-123	280.025001	-136.8075	180	top
D305	1N4148W	D_SOD-123	279.387501	-134.3175	0	top
D306	1N4148W	D_SOD-123	286.450001	-134.3425	0	top
D307	1N4148W	D_SOD-123	293.475001	-134.3725	0	top
D308	1N4148W	D_SOD-123	300.487501	-134.3875	0	top
D309	1N4148W	D_SOD-123	307.550001	-134.4175	0	top
D31	1N4148W	D_SOD-123	350.829227	-93.55	-45	top
D310	1N4148W	D_SOD-123	170.025001	-136.8075	180	top
D311	1N4148W	D_SOD-123	169.387501	-134.3175	0	top
D312	1N4148W	D_SOD-123	176.450001	-134.3425	0	top
D313	1N4148W	D_SOD-123	183.475001	-134.3725	0	top
D314	1N4148W	D_SOD-123	190.487501	-134.3875	0	top
D315	1N4148W	D_SOD-123	197.550001	-134.4175	0	top
D318	1N4148W	D_SOD-123	93.262501	-78.5	-90	top
D319	1N4148W	D_SOD-123	92.462501	-101.6	180	top
D32	1N4148W	D_SOD-123	345.779331	-93.55	-45	top
D320	1N4148W	D_SOD-123	86.462501	-152.9	90	top
D321	1N4148W	D_SOD-123	56.8	-144.160001	-90	top
D322	1N4148W	D_SOD-123	62.8	-144.75	-90	top
D323	1N4148W	D_SOD-123	159.962501	-129.5	0	top
D324	1N4148W	D_SOD-123	67.7	-86.45	180	top
D325	1N4148W	D_SOD-123	72.7	-86.45	180	top
D326	1N4148W	D_SOD-123	77.75	-86.45	180	top
D327	1N4148W	D_SOD-123	82.75	-86.5	180	top
D33	1N4148W	D_SOD-123	335.779331	-93.55	-45	top
D34	1N4148W	D_SOD-123	330.779331	-93.55	-45	top
D35	1N4148W	D_SOD-123	360.829227	-98.3	-45	top
D36	1N4148W	D_SOD-123	350.829227	-98.3	-45	top
D37	1N4148W	D_SOD-123	345.779331	-98.3	-45	top
D38	1N4148W	D_SOD-123	340.779331	-98.3	-45	top
D39	1N4148W	D_SOD-123	335.779331	-98.3	-45	top
D40	1N4148W	D_SOD-123	330.779331	-98.3	-45	top
D41	1N4148W	D_SOD-123	360.829227	-103.05	-45	top
D42	1N4148W	D_SOD-123	355.829227	-103.05	-45	top
D43	1N4148W	D_SOD-123	350.829227	-103.05	-45	top
D44	1N4148W	D_SOD-123	360.829227	-107.8	-45	top
D45	1N4148W	D_SOD-123	355.829227	-107.8	-45	top
D46	1N4148W	D_SOD-123	350.829227	-107.8	-45	top
D47	1N4148W	D_SOD-123	345.779331	-107.8	-45	top
D48	1N4148W	D_SOD-123	340.779331	-107.8	-45	top
D49	1N4148W	D_SOD-123	335.779331	-107.8	-45	top
D50	1N4148W	D_SOD-123	330.779331	-107.8	-45	top
D51	1N4148W	D_SOD-123	359.162501	-111.3	-45	top
D52	1N4148W	D_SOD-123	355.879123	-112.55	-45	top
D53	1N4148W	D_SOD-123	350.879123	-112.55	-45	top
D54	1N4148W	D_SOD-123	345.829227	-112.55	-45	top
D55	1N4148W	D_SOD-123	335.829227	-112.55	-45	top
D56	1N4148W	D_SOD-123	330.829227	-112.55	-45	top
D57	1N4148W	D_SOD-123	371.637501	-132.900001	90	top
D58	1N4148W	D_SOD-123	358.162501	-136.9075	180	top
D59	1N4148W	D_SOD-123	351.150001	-136.8825	180	top
D60	1N4148W	D_SOD-123	241.150001	-136.8825	180	top
D61	1N4148W	D_SOD-123	140.829227	-69.8	-45	top
D62	1N4148W	D_SOD-123	344.087501	-136.8575	180	top
D65	1N4148W	D_SOD-123	200.829227	-69.8	-45	top
D66	1N4148W	D_SOD-123	195.829227	-69.8	-45	top
D67	1N4148W	D_SOD-123	190.829227	-69.8	-45	top
D68	1N4148W	D_SOD-123	185.779331	-69.8	-45	top
D69	1N4148W	D_SOD-123	180.779331	-69.8	-45	top
D70	1N4148W	D_SOD-123	175.78759	-69.808363	-45	top
D71	1N4148W	D_SOD-123	195.829227	-74.55	-45	top
D72	1N4148W	D_SOD-123	190.829227	-74.55	-45	top
D73	1N4148W	D_SOD-123	200.829227	-79.3	-45	top
D74	1N4148W	D_SOD-123	195.829227	-79.3	-45	top
D75	1N4148W	D_SOD-123	185.779331	-79.3	-45	top
D76	1N4148W	D_SOD-123	180.779331	-79.3	-45	top
D77	1N4148W	D_SOD-123	170.779331	-79.3	-45	top
D78	1N4148W	D_SOD-123	200.829227	-84.05	-45	top
D79	1N4148W	D_SOD-123	195.829227	-84.05	-45	top
D8	1N4148W	D_SOD-123	360.829227	-69.8	-45	top
D80	1N4148W	D_SOD-123	190.829227	-84.05	-45	top
D81	1N4148W	D_SOD-123	185.779331	-84.05	-45	top
D82	1N4148W	D_SOD-123	170.779331	-84.05	-45	top
D83	1N4148W	D_SOD-123	195.829227	-88.8	-45	top
D84	1N4148W	D_SOD-123	190.829227	-88.8	-45	top
D85	1N4148W	D_SOD-123	175.779331	-88.8	-45	top
D86	1N4148W	D_SOD-123	170.779331	-88.8	-45	top
D87	1N4148W	D_SOD-123	200.829227	-93.55	-45	top
D88	1N4148W	D_SOD-123	190.829227	-93.55	-45	top
D89	1N4148W	D_SOD-123	185.779331	-93.55	-45	top
D9	1N4148W	D_SOD-123	355.829227	-69.8	-45	top
D90	1N4148W	D_SOD-123	175.779331	-93.55	-45	top
D91	1N4148W	D_SOD-123	170.779331	-93.55	-45	top
D92	1N4148W	D_SOD-123	310.829227	-69.8	-45	top
D93	1N4148W	D_SOD-123	305.829227	-69.8	-45	top
D94	1N4148W	D_SOD-123	300.829227	-69.8	-45	top
D95	1N4148W	D_SOD-123	295.779331	-69.8	-45	top
D96	1N4148W	D_SOD-123	290.779331	-69.8	-45	top
D97	1N4148W	D_SOD-123	285.78759	-69.808363	-45	top
D98	1N4148W	D_SOD-123	305.829227	-74.55	-45	top
D99	1N4148W	D_SOD-123	300.829227	-74.55	-45	top
Q1	MMBT3904	SOT-23	97.5	-126.812499	90	top
Q10	MMBT5401	SOT-23	357.712501	-139.9075	0	top
Q100	MMBT3904	SOT-23	90.202645	-120	180	top
Q101	MMBT3904	SOT-23	83.062501	-157.7	90	top
Q102	MMBT5401	SOT-23	358.000001	-131.4175	180	top
Q103	MMBT3904	SOT-23	358.000001	-127.8375	0	top
Q104	MMBT3904	SOT-23	96.222501	-75.9125	270	top
Q105	MMBT3904	SOT-23	63.8	-138.75	270	top
Q106	MMBT3904	SOT-23	95.262501	-107.1	180	top
Q107	MMBT5401	SOT-23	248.000001	-131.4175	180	top
Q108	MMBT3904	SOT-23	248.000001	-127.8375	0	top
Q109	MMBT5401	SOT-23	240.950001	-131.3925	180	top
Q11	MMBT3904	SOT-23	357.712501	-143.4875	180	top
Q110	MMBT3904	SOT-23	240.950001	-127.8125	0	top
Q111	MMBT3904	SOT-23	82.306251	-144.2	180	top
Q112	MMBT5401	SOT-23	58.525001	-154.699999	180	top
Q113	MMBT3904	SOT-23	58.525001	-151.199999	0	top
Q114	MMBT5401	SOT-23	72.525001	-154.699999	180	top
Q115	MMBT3904	SOT-23	133.8	-159.6	180	top
Q116	MMBT5401	SOT-23	149.3	-151.3	270	top
Q117	MMBT5401	SOT-23	155.75	-147.4625	90	top
Q118	MMBT3904	SOT-23	159.15	-147.4625	270	top
Q119	MMBT5401	SOT-23	262.6	-151.6	270	top
Q12	MMBT5401	SOT-23	350.700001	-139.8825	0	top
Q120	MMBT5401	SOT-23	275.774999	-158.4	180	top
Q121	MMBT3904	SOT-23	275.774999	-155	0	top
Q122	MMBT5401	SOT-23	284.95	-151.469998	180	top
Q124	MMBT3904	SOT-23	64.8	-114.8125	270	top
Q126	MMBT5401	SOT-23	119.275	-153.8	270	top
Q127	MMBT3904	SOT-23	115.475	-154	180	top
Q128	MMBT5401	SOT-23	127.875	-154.2	180	top
Q13	MMBT3904	SOT-23	350.700001	-143.4625	180	top
Q131	MMBT5401	SOT-23	279.575001	-139.8075	0	top
Q132	MMBT3904	SOT-23	279.575001	-143.3875	180	top
Q133	MMBT5401	SOT-23	279.837501	-131.3175	180	top
Q134	MMBT3904	SOT-23	279.837501	-127.7375	0	top
Q135	MMBT5401	SOT-23	286.900001	-131.3425	180	top
Q136	MMBT3904	SOT-23	286.900001	-127.7625	0	top
Q137	MMBT5401	SOT-23	293.925001	-131.3725	180	top
Q138	MMBT3904	SOT-23	293.925001	-127.7925	0	top
Q139	MMBT5401	SOT-23	300.937501	-131.3875	180	top
Q14	MMBT5401	SOT-23	240.700001	-139.8825	0	top
Q140	MMBT3904	SOT-23	300.937501	-127.8075	0	top
Q141	MMBT5401	SOT-23	308.000001	-131.4175	180	top
Q142	MMBT3904	SOT-23	308.000001	-127.8375	0	top
Q143	MMBT5401	SOT-23	169.575001	-139.8075	0	top
Q144	MMBT3904	SOT-23	169.575001	-143.3875	180	top
Q145	MMBT5401	SOT-23	169.837501	-131.3175	180	top
Q146	MMBT3904	SOT-23	169.837501	-127.7375	0	top
Q147	MMBT5401	SOT-23	176.900001	-131.3425	180	top
Q148	MMBT3904	SOT-23	176.900001	-127.7625	0	top
Q149	MMBT5401	SOT-23	183.925001	-131.3725	180	top
Q15	MMBT3904	SOT-23	240.700001	-143.4625	180	top
Q150	MMBT3904	SOT-23	183.925001	-127.7925	0	top
Q151	MMBT5401	SOT-23	190.937501	-131.3875	180	top
Q152	MMBT3904	SOT-23	190.937501	-127.8075	0	top
Q153	MMBT5401	SOT-23	198.000001	-131.4175	180	top
Q154	MMBT3904	SOT-23	198.000001	-127.8375	0	top
Q155	MMBT3904	SOT-23	72.525001	-151.199999	0	top
Q156	MMBT5401	SOT-23	65.525001	-154.7	180	top
Q157	MMBT3904	SOT-23	65.525002	-151.199999	0	top
Q158	MMBT3904	SOT-23	77.9425	-150.4825	90	top
Q16	MMBT5401	SOT-23	137.712501	-139.9075	0	top
Q17	MMBT3904	SOT-23	137.712501	-143.4875	180	top
Q18	MMBT5401	SOT-23	343.637501	-139.8575	0	top
Q19	MMBT3904	SOT-23	343.637501	-143.4375	180	top
Q2	MMBT3904	SOT-23	360.837211	-118.362499	270	top
Q20	MMBT3904	SOT-23	300.82721	-118.362499	270	top
Q21	MMBT3904	SOT-23	185.822211	-118.362499	270	top
Q22	MMBT3904	SOT-23	280.827211	-118.362499	270	top
Q23	MMBT3904	SOT-23	180.827212	-118.362499	270	top
Q24	MMBT3904	SOT-23	310.837211	-118.362499	270	top
Q25	MMBT3904	SOT-23	250.837211	-118.362499	270	top
Q26	MMBT3904	SOT-23	270.85	-130.6	180	top
Q27	MMBT3904	SOT-23	245.832211	-118.362499	270	top
Q28	MMBT3904	SOT-23	290.827212	-118.362499	270	top
Q29	MMBT3904	SOT-23	295.822211	-118.362499	270	top
Q3	MMBT3904	SOT-23	355.832211	-118.362499	270	top
Q30	MMBT5401	SOT-23	336.612501	-139.8275	0	top
Q31	MMBT3904	SOT-23	336.612501	-143.4075	180	top
Q32	MMBT3904	SOT-23	285.812212	-118.324999	270	top
Q33	MMBT3904	SOT-23	305.832211	-118.362499	270	top
Q34	MMBT5401	SOT-23	226.612501	-139.8275	0	top
Q35	MMBT3904	SOT-23	226.612501	-143.4075	180	top
Q36	MMBT3904	SOT-23	190.82721	-118.362499	270	top
Q37	MMBT5401	SOT-23	233.637501	-139.8575	0	top
Q38	MMBT3904	SOT-23	233.637501	-143.4375	180	top
Q39	MMBT3904	SOT-23	200.837211	-118.362499	270	top
Q4	MMBT3904	SOT-23	350.82721	-118.362499	270	top
Q40	MMBT5401	SOT-23	123.637501	-139.8575	0	top
Q41	MMBT3904	SOT-23	123.637501	-143.4375	180	top
Q42	MMBT3904	SOT-23	170.827211	-118.362499	270	top
Q43	MMBT5401	SOT-23	130.700001	-139.8825	0	top
Q44	MMBT3904	SOT-23	130.700001	-143.4625	180	top
Q45	MMBT3904	SOT-23	180.5	-141.1125	90	top
Q46	MMBT3904	SOT-23	195.832211	-118.362499	270	top
Q47	MMBT5401	SOT-23	329.575001	-139.8075	0	top
Q48	MMBT3904	SOT-23	329.575001	-143.3875	180	top
Q49	MMBT3904	SOT-23	240.82721	-118.362499	270	top
Q5	MMBT3904	SOT-23	345.822211	-118.362499	270	top
Q50	MMBT5401	SOT-23	329.837501	-131.3175	180	top
Q51	MMBT3904	SOT-23	329.837501	-127.7375	0	top
Q52	MMBT5401	SOT-23	219.837501	-131.3175	180	top
Q53	MMBT3904	SOT-23	219.837501	-127.7375	0	top
Q54	MMBT3904	SOT-23	175.812212	-118.324999	270	top
Q55	MMBT5401	SOT-23	219.575001	-139.8075	0	top
Q56	MMBT3904	SOT-23	219.575001	-143.3875	180	top
Q57	MMBT3904	SOT-23	220.827211	-118.362499	270	top
Q58	MMBT3904	SOT-23	235.822211	-118.362499	270	top
Q59	MMBT3904	SOT-23	259.45	-129.245	90	top
Q6	MMBT3904	SOT-23	340.827212	-118.362499	270	top
Q60	MMBT5401	SOT-23	247.712501	-139.9075	0	top
Q61	MMBT3904	SOT-23	247.712501	-143.4875	180	top
Q62	MMBT3904	SOT-23	230.827212	-118.362499	270	top
Q63	MMBT3904	SOT-23	225.812212	-118.324999	270	top
Q64	MMBT5401	SOT-23	109.837501	-131.3175	180	top
Q65	MMBT3904	SOT-23	120.827212	-118.362499	270	top
Q66	MMBT3904	SOT-23	130.82721	-118.362499	270	top
Q67	MMBT3904	SOT-23	109.837501	-127.7375	0	top
Q68	MMBT5401	SOT-23	116.612501	-139.8275	0	top
Q69	MMBT3904	SOT-23	116.612501	-143.4075	180	top
Q7	MMBT3904	SOT-23	335.812212	-118.324999	270	top
Q70	MMBT5401	SOT-23	109.575001	-139.8075	0	top
Q71	MMBT3904	SOT-23	125.822211	-118.362499	270	top
Q72	MMBT5401	SOT-23	336.875001	-131.3175	180	top
Q73	MMBT3904	SOT-23	336.875001	-127.7375	0	top
Q74	MMBT5401	SOT-23	343.925001	-131.3425	180	top
Q75	MMBT3904	SOT-23	343.925001	-127.7625	0	top
Q76	MMBT3904	SOT-23	115.812212	-118.324999	270	top
Q77	MMBT5401	SOT-23	233.925001	-131.3425	180	top
Q78	MMBT3904	SOT-23	233.925001	-127.7625	0	top
Q79	MMBT3904	SOT-23	140.837211	-118.362499	270	top
Q8	MMBT3904	SOT-23	330.827211	-118.362499	270	top
Q80	MMBT3904	SOT-23	110.827211	-118.362499	270	top
Q81	MMBT5401	SOT-23	226.875001	-131.3175	180	top
Q82	MMBT3904	SOT-23	226.875001	-127.7375	0	top
Q83	MMBT3904	SOT-23	109.575001	-143.3875	180	top
Q84	MMBT3904	SOT-23	151	-128.4125	90	top
Q85	MMBT3904	SOT-23	135.832211	-118.362499	270	top
Q86	MMBT5401	SOT-23	116.875001	-131.3175	180	top
Q87	MMBT3904	SOT-23	116.875001	-127.7375	0	top
Q88	MMBT5401	SOT-23	350.950001	-131.3925	180	top
Q89	MMBT3904	SOT-23	350.950001	-127.8125	0	top
Q9	MMBT3904	SOT-23	368.537501	-132.300001	0	top
Q90	MMBT5401	SOT-23	138.000001	-131.4175	180	top
Q91	MMBT3904	SOT-23	138.000001	-127.8375	0	top
Q92	MMBT5401	SOT-23	123.925001	-131.3425	180	top
Q93	MMBT3904	SOT-23	59.8	-141.75	270	top
Q94	MMBT3904	SOT-23	123.925001	-127.7625	0	top
Q95	MMBT5401	SOT-23	130.950001	-131.3925	180	top
Q96	MMBT3904	SOT-23	130.950001	-127.8125	0	top
Q97	MMBT3904	SOT-23	78.556251	-133.95	270	top
Q98	MMBT5401	SOT-23	82.306251	-136.95	0	top
Q99	MMBT3904	SOT-23	82.306251	-140.7	180	top
R10	100k	R_0603_1608Metric	345.107211	-122.249999	-90	top
R100	2k2	R_0603_1608Metric	332.587501	-130.7175	-90	top
R101	10k	R_0603_1608Metric	332.587501	-127.6175	90	top
R102	2k2	R_0603_1608Metric	331.787501	-125.1175	180	top
R103	10k	R_0603_1608Metric	327.087501	-126.9175	90	top
R104	2k2	R_0603_1608Metric	222.587501	-130.7175	-90	top
R105	10k	R_0603_1608Metric	222.587501	-127.6175	90	top
R106	2k2	R_0603_1608Metric	221.787501	-125.1175	180	top
R107	10k	R_0603_1608Metric	217.087501	-126.9175	90	top
R108	100k	R_0603_1608Metric	175.107211	-122.212499	-90	top
R109	10k	R_0603_1608Metric	176.677211	-122.2125	-90	top
R11	10k	R_0603_1608Metric	346.677211	-122.249999	-90	top
R110	2k2	R_0603_1608Metric	216.825001	-140.4075	90	top
R111	10k	R_0603_1608Metric	216.825001	-143.5075	-90	top
R112	2k2	R_0603_1608Metric	217.625001	-146.0075	0	top
R113	10k	R_0603_1608Metric	222.325001	-144.2075	-90	top
R114	100k	R_0603_1608Metric	220.227211	-122.249999	-90	top
R115	10k	R_0603_1608Metric	221.797211	-122.249999	-90	top
R116	100k	R_0603_1608Metric	235.107211	-122.249999	-90	top
R117	10k	R_0603_1608Metric	236.677211	-122.249999	-90	top
R118	10k	R_0603_1608Metric	261.45	-124.25	180	top
R119	2k2	R_0603_1608Metric	256.95	-129.6325	-90	top
R12	100k	R_0603_1608Metric	340.217211	-122.249999	-90	top
R120	2k2	R_0603_1608Metric	244.962501	-140.5075	90	top
R121	10k	R_0603_1608Metric	244.962501	-143.6075	-90	top
R122	2k2	R_0603_1608Metric	245.762501	-146.1075	0	top
R123	10k	R_0603_1608Metric	250.462501	-144.3075	-90	top
R124	100k	R_0603_1608Metric	230.217211	-122.249999	-90	top
R125	10k	R_0603_1608Metric	231.787212	-122.249999	-90	top
R126	100k	R_0603_1608Metric	225.107211	-122.212499	-90	top
R127	10k	R_0603_1608Metric	226.677211	-122.2125	-90	top
R128	2k2	R_0603_1608Metric	112.587501	-130.7175	-90	top
R129	10k	R_0603_1608Metric	112.587501	-127.6175	90	top
R13	10k	R_0603_1608Metric	341.787212	-122.249999	-90	top
R130	100k	R_0603_1608Metric	120.217211	-122.249999	-90	top
R131	10k	R_0603_1608Metric	121.787212	-122.249999	-90	top
R132	100k	R_0603_1608Metric	130.207211	-122.249999	-90	top
R133	10k	R_0603_1608Metric	131.77721	-122.249999	-90	top
R134	2k2	R_0603_1608Metric	111.787501	-125.1175	180	top
R135	10k	R_0603_1608Metric	107.087501	-126.9175	90	top
R136	2k2	R_0603_1608Metric	113.862501	-140.4275	90	top
R137	10k	R_0603_1608Metric	113.862501	-143.5275	-90	top
R138	2k2	R_0603_1608Metric	114.662501	-146.0275	0	top
R139	10k	R_0603_1608Metric	119.362501	-144.2275	-90	top
R14	100k	R_0603_1608Metric	335.107211	-122.212499	-90	top
R140	2k2	R_0603_1608Metric	106.825001	-140.4075	90	top
R141	10k	R_0603_1608Metric	106.825001	-143.5075	-90	top
R142	100k	R_0603_1608Metric	125.107211	-122.249999	-90	top
R143	10k	R_0603_1608Metric	126.677211	-122.249999	-90	top
R144	2k2	R_0603_1608Metric	339.625001	-130.7175	-90	top
R145	10k	R_0603_1608Metric	339.625001	-127.6175	90	top
R146	2k2	R_0603_1608Metric	338.825001	-125.1175	180	top
R147	10k	R_0603_1608Metric	334.125001	-126.9175	90	top
R148	2k2	R_0603_1608Metric	346.675001	-130.7425	-90	top
R149	10k	R_0603_1608Metric	346.675001	-127.6425	90	top
R15	10k	R_0603_1608Metric	336.677211	-122.2125	-90	top
R150	2k2	R_0603_1608Metric	345.875001	-125.1425	180	top
R151	10k	R_0603_1608Metric	341.175001	-126.9425	90	top
R152	100k	R_0603_1608Metric	115.107211	-122.212499	-90	top
R153	10k	R_0603_1608Metric	116.677211	-122.2125	-90	top
R154	2k2	R_0603_1608Metric	236.675001	-130.7425	-90	top
R155	10k	R_0603_1608Metric	236.675001	-127.6425	90	top
R156	2k2	R_0603_1608Metric	235.875001	-125.1425	180	top
R157	10k	R_0603_1608Metric	231.175001	-126.9425	90	top
R158	100k	R_0603_1608Metric	140.207211	-122.25	-90	top
R159	10k	R_0603_1608Metric	141.777211	-122.249999	-90	top
R16	100k	R_0603_1608Metric	330.227211	-122.249999	-90	top
R160	100k	R_0603_1608Metric	110.227211	-122.249999	-90	top
R161	10k	R_0603_1608Metric	111.797211	-122.249999	-90	top
R162	2k2	R_0603_1608Metric	229.625001	-130.7175	-90	top
R163	10k	R_0603_1608Metric	229.625001	-127.6175	90	top
R164	2k2	R_0603_1608Metric	228.825001	-125.1175	180	top
R165	10k	R_0603_1608Metric	224.125001	-126.9175	90	top
R166	2k2	R_0603_1608Metric	107.625001	-146.0075	0	top
R167	10k	R_0603_1608Metric	112.302501	-144.21	-90	top
R168	10k	R_0603_1608Metric	154.2625	-127.3875	180	top
R169	2k2	R_0603_1608Metric	148.5	-128.8	-90	top
R17	10k	R_0603_1608Metric	331.797211	-122.249999	-90	top
R170	100k	R_0603_1608Metric	135.217211	-122.249999	-90	top
R171	10k	R_0603_1608Metric	136.78721	-122.249999	-90	top
R172	2k2	R_0603_1608Metric	119.625001	-130.7175	-90	top
R173	10k	R_0603_1608Metric	119.625001	-127.6175	90	top
R174	2k2	R_0603_1608Metric	118.825001	-125.1175	180	top
R175	10k	R_0603_1608Metric	114.125001	-126.9175	90	top
R176	2k2	R_0603_1608Metric	353.700001	-130.7925	-90	top
R177	10k	R_0603_1608Metric	353.700001	-127.6925	90	top
R178	2k2	R_0603_1608Metric	352.900001	-125.1925	180	top
R179	10k	R_0603_1608Metric	348.200001	-126.9925	90	top
R18	10k	R_0603_1608Metric	368.912502	-134.8	0	top
R180	2k2	R_0603_1608Metric	140.750001	-130.8175	-90	top
R181	10k	R_0603_1608Metric	140.750001	-127.7175	90	top
R182	2k2	R_0603_1608Metric	139.950001	-125.2175	180	top
R183	10k	R_0603_1608Metric	135.250001	-127.0175	90	top
R184	2k2	R_0603_1608Metric	126.675001	-130.7425	-90	top
R185	10k	R_0603_1608Metric	126.675001	-127.6425	90	top
R186	100k	R_0603_1608Metric	58.8	-145.360001	-90	top
R187	10k	R_0603_1608Metric	60.37	-145.360001	-90	top
R188	2k2	R_0603_1608Metric	125.875001	-125.1425	180	top
R189	10k	R_0603_1608Metric	121.175001	-126.9425	90	top
R19	2k2	R_0603_1608Metric	368.150002	-129.8	180	top
R190	2k2	R_0603_1608Metric	133.700001	-130.7925	-90	top
R191	10k	R_0603_1608Metric	133.700001	-127.6925	90	top
R192	2k2	R_0603_1608Metric	132.900001	-125.1925	180	top
R193	10k	R_0603_1608Metric	128.225001	-126.9675	90	top
R194	10k	R_0603_1608Metric	151.4625	-123.2375	0	top
R195	10k	R_0603_1608Metric	78.556251	-138.2	0	top
R196	10k	R_0603_1608Metric	78.556251	-136.7	180	top
R197	2k2	R_0603_1608Metric	85.006251	-133.6	90	top
R198	100k	R_0603_1608Metric	85.056251	-136.7	90	top
R199	10k	R_0603_1608Metric	85.056251	-139.7	90	top
R2	10k	R_0603_1608Metric	98.4	-123.1125	90	top
R20	2k2	R_0603_1608Metric	354.962501	-140.5075	90	top
R200	100k	R_0603_1608Metric	86.665144	-119.035291	180	top
R201	10k	R_0603_1608Metric	86.665144	-120.60529	180	top
R202	100k	R_0603_1608Metric	83.777501	-154.0125	90	top
R203	10k	R_0603_1608Metric	82.207501	-154.0125	90	top
R204	2k2	R_0603_1608Metric	360.750001	-130.8175	-90	top
R205	10k	R_0603_1608Metric	360.750001	-127.7175	90	top
R206	2k2	R_0603_1608Metric	359.950001	-125.2175	180	top
R207	10k	R_0603_1608Metric	355.250001	-127.0175	90	top
R208	100k	R_0603_1608Metric	95.262501	-79.5	-90	top
R209	10k	R_0603_1608Metric	96.832501	-79.499999	-90	top
R21	10k	R_0603_1608Metric	354.962501	-143.6075	-90	top
R210	100k	R_0603_1608Metric	65.6	-143.15	0	top
R211	10k	R_0603_1608Metric	65.6	-141.55	0	top
R212	100k	R_0603_1608Metric	91.662501	-106.130001	180	top
R213	10k	R_0603_1608Metric	91.662501	-107.7	180	top
R214	2k2	R_0603_1608Metric	250.750001	-130.8175	-90	top
R215	10k	R_0603_1608Metric	250.750001	-127.7175	90	top
R216	2k2	R_0603_1608Metric	249.950001	-125.2175	180	top
R217	10k	R_0603_1608Metric	245.250001	-127.0175	90	top
R218	2k2	R_0603_1608Metric	243.700001	-130.7925	-90	top
R219	10k	R_0603_1608Metric	243.700001	-127.6925	90	top
R22	2k2	R_0603_1608Metric	355.762501	-146.1075	0	top
R220	2k2	R_0603_1608Metric	242.900001	-125.1925	180	top
R221	10k	R_0603_1608Metric	238.225001	-126.9675	90	top
R222	100k	R_0603_1608Metric	78.506251	-140.4	180	top
R223	100k	R_0603_1608Metric	77.706251	-144.6	-90	top
R224	2k2	R_0603_1608Metric	61.275001	-154.449999	-90	top
R225	10k	R_0603_1608Metric	61.275001	-151.199999	90	top
R226	2k2	R_0603_1608Metric	60.525001	-148.699999	180	top
R227	10k	R_0603_1608Metric	55.775001	-154.187499	-90	top
R228	2k2	R_0603_1608Metric	75.275001	-154.449999	-90	top
R229	10k	R_0603_1608Metric	75.275001	-151.199999	90	top
R23	10k	R_0603_1608Metric	360.462501	-144.3075	-90	top
R230	100k	R_0603_1608Metric	131.1	-157.6	-90	top
R231	100k	R_0603_1608Metric	128.8	-158.4	180	top
R232	10k	R_0603_1608Metric	134.8	-156.3	-90	top
R233	10k	R_0603_1608Metric	137.3	-160.2	0	top
R235	2k2	R_0603_1608Metric	153.9	-155.2	-90	top
R236	1k	R_0603_1608Metric	152.5	-146.2	0	top
R237	10k	R_0603_1608Metric	275.8	-150.8	180	top
R238	10k	R_0603_1608Metric	167.4	-149.9	180	top
R239	100k	R_0603_1608Metric	156.55	-150.2625	0	top
R24	2k2	R_0603_1608Metric	347.950001	-140.4825	90	top
R240	2k2	R_0603_1608Metric	166.6	-152.2	-90	top
R241	10k	R_0603_1608Metric	168.1	-152.2	90	top
R242	100k	R_0603_1608Metric	161.75	-147.4625	-90	top
R243	2k2	R_0603_1608Metric	265.2	-153.5	-90	top
R244	1k	R_0603_1608Metric	266.8	-153.5	-90	top
R245	2k2	R_0603_1608Metric	74.525002	-148.699999	180	top
R246	10k	R_0603_1608Metric	69.775001	-154.199999	-90	top
R247	100k	R_0603_1608Metric	278.574999	-155	90	top
R248	2k2	R_0603_1608Metric	282.2	-151.599999	90	top
R249	10k	R_0603_1608Metric	278.9	-150.8	180	top
R25	10k	R_0603_1608Metric	347.950001	-143.5825	-90	top
R250	100k	R_0603_1608Metric	275.775	-152.4	0	top
R251	10k	R_0603_1608Metric	285.1	-154.1	180	top
R252	2k2	R_0603_1608Metric	65	-110.25	0	top
						
R254	10k	R_0603_1608Metric	65	-117.5	0	top
R255	2k2	R_0603_1608Metric	65	-112	0	top
R256	100k	R_0603_1608Metric	70.5	-98.25	-90	top
R257	100k	R_0603_1608Metric	106.875	-153.3	0	top
R258	100k	R_0603_1608Metric	113.675	-151.4	0	top
R259	100k	R_0603_1608Metric	119.275	-156.6	0	top
R26	2k2	R_0603_1608Metric	348.750001	-146.0825	0	top
R260	10k	R_0603_1608Metric	122.675	-156.8	0	top
R261	1k	R_0603_1608Metric	119.275	-158.2	0	top
R262	10k	R_0603_1608Metric	112.675	-154	-90	top
R263	100k	R_0603_1608Metric	122.675	-153.2	0	top
R264	10k	R_0603_1608Metric	125.15	-154.2	-90	top
R265	10k	R_0603_1608Metric	128.8	-156.8	0	top
R266	100k	R_0603_1608Metric	67.5	-98.25	90	top
R27	10k	R_0603_1608Metric	353.450001	-144.2825	-90	top
R272	2k2	R_0603_1608Metric	276.825001	-140.4075	90	top
R273	10k	R_0603_1608Metric	276.825001	-143.5075	-90	top
R274	2k2	R_0603_1608Metric	274.5	-121	0	top
R275	10k	R_0603_1608Metric	282.325001	-142.5	90	top
R276	2k2	R_0603_1608Metric	282.587501	-130.7175	-90	top
R277	10k	R_0603_1608Metric	282.587501	-127.6175	90	top
R278	2k2	R_0603_1608Metric	281.787501	-125.1175	180	top
R279	10k	R_0603_1608Metric	277.087501	-126.9175	90	top
R28	2k2	R_0603_1608Metric	237.950001	-140.4825	90	top
R280	2k2	R_0603_1608Metric	289.650001	-130.7425	-90	top
R281	10k	R_0603_1608Metric	289.650001	-127.6425	90	top
R282	2k2	R_0603_1608Metric	288.850001	-125.1425	180	top
R283	10k	R_0603_1608Metric	284.150001	-126.9425	90	top
R284	2k2	R_0603_1608Metric	296.675001	-130.7725	-90	top
R285	10k	R_0603_1608Metric	296.675001	-127.6725	90	top
R286	2k2	R_0603_1608Metric	295.875001	-125.1725	180	top
R287	10k	R_0603_1608Metric	291.175001	-126.9725	90	top
R288	2k2	R_0603_1608Metric	303.687501	-130.7875	-90	top
R289	10k	R_0603_1608Metric	303.687501	-127.6875	90	top
R29	10k	R_0603_1608Metric	237.950001	-143.5825	-90	top
R290	2k2	R_0603_1608Metric	302.887501	-125.1875	180	top
R291	10k	R_0603_1608Metric	298.212501	-126.9925	90	top
R292	2k2	R_0603_1608Metric	310.750001	-130.8175	-90	top
R293	10k	R_0603_1608Metric	310.750001	-127.7175	90	top
R294	2k2	R_0603_1608Metric	309.962501	-125.2	180	top
R295	10k	R_0603_1608Metric	305.275001	-127.0425	90	top
R296	2k2	R_0603_1608Metric	166.825001	-140.4075	90	top
R297	10k	R_0603_1608Metric	166.825001	-143.5075	-90	top
R298	2k2	R_0603_1608Metric	167.5	-122	0	top
R299	10k	R_0603_1608Metric	172.325001	-144.2075	-90	top
R3	10k	R_0603_1608Metric	96.6	-123.1125	90	top
R30	2k2	R_0603_1608Metric	238.750001	-146.0825	0	top
R300	2k2	R_0603_1608Metric	172.587501	-130.7175	-90	top
R301	10k	R_0603_1608Metric	172.587501	-127.6175	90	top
R302	2k2	R_0603_1608Metric	171.787501	-125.1175	180	top
R303	10k	R_0603_1608Metric	167.087501	-126.9175	90	top
R304	2k2	R_0603_1608Metric	179.650001	-130.7425	-90	top
R305	10k	R_0603_1608Metric	179.650001	-127.6425	90	top
R306	2k2	R_0603_1608Metric	178.850001	-125.1425	180	top
R307	10k	R_0603_1608Metric	174.150001	-126.9425	90	top
R308	2k2	R_0603_1608Metric	186.675001	-130.7725	-90	top
R309	10k	R_0603_1608Metric	186.675001	-127.6725	90	top
R31	10k	R_0603_1608Metric	243.450001	-144.2825	-90	top
R310	2k2	R_0603_1608Metric	185.875001	-125.1725	180	top
R311	10k	R_0603_1608Metric	181.175001	-126.9725	90	top
R312	2k2	R_0603_1608Metric	193.687501	-130.7875	-90	top
R313	10k	R_0603_1608Metric	193.687501	-127.6875	90	top
R314	2k2	R_0603_1608Metric	192.887501	-125.1875	180	top
R315	10k	R_0603_1608Metric	188.212501	-126.9925	90	top
R316	2k2	R_0603_1608Metric	200.750001	-130.8175	-90	top
R317	10k	R_0603_1608Metric	200.750001	-127.7175	90	top
R318	2k2	R_0603_1608Metric	199.962501	-125.2	180	top
R319	10k	R_0603_1608Metric	195.275001	-127.0425	90	top
R32	2k2	R_0603_1608Metric	134.962501	-140.5075	90	top
R320	10k	R_0603_1608Metric	160.9	-96.4	0	top
R321	10k	R_0603_1608Metric	264.25	-128.5	90	top
R323	2k2	R_0603_1608Metric	68.275001	-154.449998	-90	top
R324	10k	R_0603_1608Metric	68.275001	-151.199999	90	top
R325	2k2	R_0603_1608Metric	67.525001	-148.699998	180	top
R326	10k	R_0603_1608Metric	62.775001	-154.199999	-90	top
R327	10k	R_0603_1608Metric	82.862501	-149.7	90	top
R328	10k	R_0603_1608Metric	77.9825	-147.7825	0	top
R329	2k2	R_0603_1608Metric	76.982501	-154.0325	90	top
R33	10k	R_0603_1608Metric	134.962501	-143.6075	-90	top
R330	100k	R_0603_1608Metric	79.306251	-144.6	-90	top
R331	100k	R_0603_1608Metric	78.506251	-142	180	top
R34	2k2	R_0603_1608Metric	135.762501	-146.1075	0	top
R35	10k	R_0603_1608Metric	140.537501	-144.275	-90	top
R36	2k2	R_0603_1608Metric	340.887501	-140.4575	90	top
R37	10k	R_0603_1608Metric	340.887501	-143.5575	-90	top
R38	2k2	R_0603_1608Metric	341.687501	-146.0575	0	top
R39	10k	R_0603_1608Metric	346.387501	-144.2575	-90	top
R4	100k	R_0603_1608Metric	360.207211	-122.25	-90	top
R40	100k	R_0603_1608Metric	300.207211	-122.249999	-90	top
R41	10k	R_0603_1608Metric	301.77721	-122.249999	-90	top
R42	100k	R_0603_1608Metric	185.107211	-122.249999	-90	top
R43	10k	R_0603_1608Metric	186.677211	-122.249999	-90	top
R44	100k	R_0603_1608Metric	280.227211	-122.249999	-90	top
R45	10k	R_0603_1608Metric	281.797211	-122.249999	-90	top
R46	100k	R_0603_1608Metric	180.217211	-122.249999	-90	top
R47	10k	R_0603_1608Metric	181.787212	-122.249999	-90	top
R48	100k	R_0603_1608Metric	310.207211	-122.25	-90	top
R49	10k	R_0603_1608Metric	311.777211	-122.249999	-90	top
R5	10k	R_0603_1608Metric	361.777211	-122.249999	-90	top
R50	100k	R_0603_1608Metric	250.207211	-122.25	-90	top
R51	10k	R_0603_1608Metric	251.777211	-122.249999	-90	top
R52	10k	R_0603_1608Metric	265.78125	-129.11875	90	top
R53	2k2	R_0603_1608Metric	271.25	-133.25	0	top
R54	100k	R_0603_1608Metric	245.217211	-122.249999	-90	top
R55	10k	R_0603_1608Metric	246.78721	-122.249999	-90	top
R56	100k	R_0603_1608Metric	290.217211	-122.249999	-90	top
R57	10k	R_0603_1608Metric	291.787212	-122.249999	-90	top
R58	100k	R_0603_1608Metric	295.107211	-122.249999	-90	top
R59	10k	R_0603_1608Metric	296.677211	-122.249999	-90	top
R6	100k	R_0603_1608Metric	355.217211	-122.249999	-90	top
R60	2k2	R_0603_1608Metric	333.862501	-140.4275	90	top
R61	10k	R_0603_1608Metric	333.862501	-143.5275	-90	top
R62	2k2	R_0603_1608Metric	334.662501	-146.0275	0	top
R63	10k	R_0603_1608Metric	339.362501	-144.2275	-90	top
R64	100k	R_0603_1608Metric	285.107211	-122.212499	-90	top
R65	10k	R_0603_1608Metric	286.677211	-122.2125	-90	top
R66	100k	R_0603_1608Metric	305.217211	-122.249999	-90	top
R67	10k	R_0603_1608Metric	306.78721	-122.249999	-90	top
R68	2k2	R_0603_1608Metric	223.862501	-140.4275	90	top
R69	10k	R_0603_1608Metric	223.862501	-143.5275	-90	top
R7	10k	R_0603_1608Metric	356.78721	-122.249999	-90	top
R70	2k2	R_0603_1608Metric	224.662501	-146.0275	0	top
R71	10k	R_0603_1608Metric	229.362501	-144.2275	-90	top
R72	100k	R_0603_1608Metric	190.207211	-122.249999	-90	top
R73	10k	R_0603_1608Metric	191.77721	-122.249999	-90	top
R74	2k2	R_0603_1608Metric	230.887501	-140.4575	90	top
R75	10k	R_0603_1608Metric	230.887501	-143.5575	-90	top
R76	2k2	R_0603_1608Metric	231.687501	-146.0575	0	top
R77	10k	R_0603_1608Metric	236.387501	-144.2575	-90	top
R78	100k	R_0603_1608Metric	200.207211	-122.25	-90	top
R79	10k	R_0603_1608Metric	201.777211	-122.249999	-90	top
R8	100k	R_0603_1608Metric	350.207211	-122.249999	-90	top
R80	2k2	R_0603_1608Metric	120.887501	-140.4575	90	top
R81	10k	R_0603_1608Metric	120.887501	-143.5575	-90	top
R82	2k2	R_0603_1608Metric	121.687501	-146.0575	0	top
R83	10k	R_0603_1608Metric	126.387501	-144.2575	-90	top
R84	100k	R_0603_1608Metric	170.227211	-122.249999	-90	top
R85	10k	R_0603_1608Metric	171.797211	-122.249999	-90	top
R86	2k2	R_0603_1608Metric	127.950001	-140.4825	90	top
R87	10k	R_0603_1608Metric	127.950001	-143.5825	-90	top
R88	2k2	R_0603_1608Metric	128.750001	-146.0825	0	top
R89	10k	R_0603_1608Metric	133.450001	-144.2825	-90	top
R9	10k	R_0603_1608Metric	351.77721	-122.249999	-90	top
R90	10k	R_0603_1608Metric	183.031249	-140.69375	90	top
R91	2k2	R_0603_1608Metric	178	-141.5	-90	top
R92	100k	R_0603_1608Metric	195.217211	-122.249999	-90	top
R93	10k	R_0603_1608Metric	196.78721	-122.249999	-90	top
R94	2k2	R_0603_1608Metric	326.825001	-140.4075	90	top
R95	10k	R_0603_1608Metric	326.825001	-143.5075	-90	top
R96	2k2	R_0603_1608Metric	327.625001	-146.0075	0	top
R97	10k	R_0603_1608Metric	332.325001	-144.2075	-90	top
R98	100k	R_0603_1608Metric	240.207211	-122.249999	-90	top
R99	10k	R_0603_1608Metric	241.77721	-122.249999	-90	top
